minute,post_count
2026-07-15T08:53,3
2026-07-15T08:54,4
2026-07-15T08:55,3
2026-07-15T08:56,2
2026-07-15T08:57,5
2026-07-15T08:58,2
2026-07-15T08:59,4
2026-07-15T09:00,4
2026-07-15T09:01,4
2026-07-15T09:02,5
2026-07-15T09:03,3
2026-07-15T09:04,5
2026-07-15T09:05,3
2026-07-15T09:06,5
2026-07-15T09:07,3
2026-07-15T09:08,3
2026-07-15T09:09,3
2026-07-15T09:10,16
2026-07-15T09:11,16
2026-07-15T09:12,17
2026-07-15T09:13,15
2026-07-15T09:14,16
2026-07-15T09:15,14
2026-07-15T09:16,17
2026-07-15T09:17,15
2026-07-15T09:18,14
2026-07-15T09:19,17
2026-07-15T09:20,17
2026-07-15T09:21,2
2026-07-15T09:22,5
2026-07-15T09:23,3
2026-07-15T09:24,3
2026-07-15T09:25,2
2026-07-15T09:26,3
2026-07-15T09:27,5
2026-07-15T09:28,5
2026-07-15T09:29,5
2026-07-15T09:30,5
2026-07-15T09:31,4
2026-07-15T09:32,4
2026-07-15T09:33,2
2026-07-15T09:34,2
2026-07-15T09:35,14
2026-07-15T09:36,11
2026-07-15T09:37,11
2026-07-15T09:38,13
2026-07-15T09:39,12
2026-07-15T09:40,11
2026-07-15T09:41,12
2026-07-15T09:42,12
2026-07-15T09:43,11
2026-07-15T09:44,12
2026-07-15T09:45,14
2026-07-15T09:46,4
2026-07-15T09:47,2
2026-07-15T09:48,5
2026-07-15T09:49,5
2026-07-15T09:50,3
2026-07-15T09:51,2
2026-07-15T09:52,5
2026-07-15T09:53,4
2026-07-15T09:54,2
2026-07-15T09:55,2
2026-07-15T09:56,2
2026-07-15T09:57,5
2026-07-15T09:58,3
2026-07-15T09:59,2
2026-07-15T10:00,4
2026-07-15T10:01,4
2026-07-15T10:02,4
2026-07-15T10:03,5
2026-07-15T10:04,3
2026-07-15T10:05,3
2026-07-15T10:06,5
2026-07-15T10:07,3
2026-07-15T10:08,4
2026-07-15T10:09,2
2026-07-15T10:10,14
2026-07-15T10:11,15
2026-07-15T10:12,15
2026-07-15T10:13,14
2026-07-15T10:14,17
2026-07-15T10:15,15
2026-07-15T10:16,14
2026-07-15T10:17,16
2026-07-15T10:18,16
2026-07-15T10:19,16
2026-07-15T10:20,16
2026-07-15T10:21,3
2026-07-15T10:22,3
2026-07-15T10:23,4
2026-07-15T10:24,2
2026-07-15T10:25,3
2026-07-15T10:26,3
2026-07-15T10:27,2
2026-07-15T10:28,2
2026-07-15T10:29,5
2026-07-15T10:30,5
2026-07-15T10:31,3
2026-07-15T10:32,2
2026-07-15T10:33,2
2026-07-15T10:34,4
2026-07-15T10:35,11
2026-07-15T10:36,13
2026-07-15T10:37,13
2026-07-15T10:38,12
2026-07-15T10:39,11
2026-07-15T10:40,14
2026-07-15T10:41,12
2026-07-15T10:42,13
2026-07-15T10:43,12
2026-07-15T10:44,13
2026-07-15T10:45,11
2026-07-15T10:46,3
2026-07-15T10:47,3
2026-07-15T10:48,3
2026-07-15T10:49,3
2026-07-15T10:50,3
2026-07-15T10:51,4
2026-07-15T10:52,2
2026-07-15T10:53,2
2026-07-15T10:54,3
2026-07-15T10:55,5
2026-07-15T10:56,5
2026-07-15T10:57,2
2026-07-15T10:58,2
2026-07-15T10:59,5
2026-07-15T11:00,5
2026-07-15T11:01,3
2026-07-15T11:02,2
2026-07-15T11:03,2
2026-07-15T11:04,3
2026-07-15T11:05,3
2026-07-15T11:06,2
2026-07-15T11:07,5
2026-07-15T11:08,3
2026-07-15T11:09,5
2026-07-15T11:10,14
2026-07-15T11:11,14
2026-07-15T11:12,16
2026-07-15T11:13,15
2026-07-15T11:14,14
2026-07-15T11:15,14
2026-07-15T11:16,15
2026-07-15T11:17,16
2026-07-15T11:18,14
2026-07-15T11:19,14
2026-07-15T11:20,17
2026-07-15T11:21,3
2026-07-15T11:22,3
2026-07-15T11:23,5
2026-07-15T11:24,2
2026-07-15T11:25,2
2026-07-15T11:26,5
2026-07-15T11:27,3
2026-07-15T11:28,4
2026-07-15T11:29,5
2026-07-15T11:30,3
2026-07-15T11:31,5
2026-07-15T11:32,4
2026-07-15T11:33,4
2026-07-15T11:34,3
2026-07-15T11:35,11
2026-07-15T11:36,14
2026-07-15T11:37,14
2026-07-15T11:38,12
2026-07-15T11:39,13
2026-07-15T11:40,13
2026-07-15T11:41,11
2026-07-15T11:42,11
2026-07-15T11:43,12
2026-07-15T11:44,11
2026-07-15T11:45,13
2026-07-15T11:46,2
2026-07-15T11:47,3
2026-07-15T11:48,3
2026-07-15T11:49,3
2026-07-15T11:50,5
2026-07-15T11:51,3
2026-07-15T11:52,2
